,mutation,site,tau (frames),tau (min),n_exposed,p_exp,p_unexp,RD,RR
0,WT,1,0,0,146620,0.1315,0.0749,0.0566,1.7558
1,WT,1,1,5,145714,0.1284,0.0772,0.0513,1.664
2,WT,1,2,10,144813,0.1248,0.0799,0.045,1.5627
3,WT,1,3,15,143980,0.1206,0.0829,0.0377,1.4549
4,WT,1,4,20,143194,0.1169,0.0856,0.0313,1.3661
5,WT,1,5,25,142405,0.1136,0.0878,0.0258,1.294
6,WT,1,6,30,141705,0.1108,0.0898,0.021,1.2337
7,PIK3CA_E545K,9,0,0,126377,0.1399,0.086,0.0539,1.6264
8,PIK3CA_E545K,9,1,5,125612,0.1349,0.0894,0.0455,1.5096
9,PIK3CA_E545K,9,2,10,125011,0.1291,0.0931,0.0359,1.3859
10,PIK3CA_E545K,9,3,15,124277,0.124,0.0964,0.0276,1.2867
11,PIK3CA_E545K,9,4,20,123491,0.1197,0.0991,0.0206,1.2074
12,PIK3CA_E545K,9,5,25,122789,0.1167,0.101,0.0157,1.1555
13,PIK3CA_E545K,9,6,30,122081,0.1147,0.1023,0.0124,1.1213
14,PIK3CA_H1047R,13,0,0,33713,0.1949,0.0685,0.1264,2.8435
15,PIK3CA_H1047R,13,1,5,33507,0.1696,0.0747,0.0949,2.2703
16,PIK3CA_H1047R,13,2,10,33299,0.145,0.0806,0.0644,1.7989
17,PIK3CA_H1047R,13,3,15,33110,0.125,0.0853,0.0397,1.4651
18,PIK3CA_H1047R,13,4,20,32909,0.109,0.089,0.0199,1.2237
19,PIK3CA_H1047R,13,5,25,32708,0.1003,0.091,0.0093,1.1017
20,PIK3CA_H1047R,13,6,30,32541,0.0924,0.0929,-0.0005,0.9948
